crawler_type,test_1,test_2,test_3,average_time
requests,43.77858924865723,19.471466779708862,18.428603649139404,27.22621989250183
requests_session,22.73876166343689,15.675415992736816,15.866717338562012,18.093631664911907
aiohttp,11.308744192123413,5.796777725219727,6.504941940307617,7.870154619216919
threadpoolexecutor,6.401994228363037,6.347405433654785,6.207687854766846,6.319029172261556
