crawler_type,test_1,test_2,average_time
requests,86.94784784317017,76.76719880104065,81.85752332210541
requests_session,52.317723512649536,56.81423902511597,54.56598126888275
aiohttp,17.783081531524658,21.12917923927307,19.456130385398865
threadpoolexecutor,19.55467414855957,23.745527029037476,21.650100588798523
